insert into country (country_id, `name`, short_code) 
    values 
        (null, 'United States', 'USA'), 
        (null, 'Canada', 'CAN'),
        (null, 'United Kingdom', 'GBR'),
        (null, 'Germany', 'DEU'),
        (null, 'Italy', 'ITA'),
        (null, 'France', 'FRA'),
        (null, 'Japan', 'JPN'),
        (null, 'Spain', 'ESP'),
        (null, 'Latvia', 'LVA'),
        (null, 'Sweden', 'SWE'),
        (null, 'Norway', 'NOR'),
        (null, 'Poland', 'POL');

insert into manufacturer (manufacturer_id, `name`, website, country_id)
    values
        (null, '4ms Company', 'https://4mscompany.com', (select country_id from country where `name` = 'United States')),
        (null, 'Frap Tools', 'https://frap.tools', (select country_id from country where `name` = 'Italy')),
        (null, 'Intellijel', 'https://intellijel.com', (select country_id from country where `name` = 'Canada')),
        (null, 'Make Noise', 'https://www.makenoisemusic.com', (select country_id from country where `name` = 'United States')),
        (null, 'Monome', 'https://monome.org', (select country_id from country where `name` = 'United States')),
        (null, 'Polyend', 'https://polyend.com', (select country_id from country where `name` = 'Poland'));

insert into unit (unit_id, short_code, `name`, mm)
    values 
        (null, 'mm', 'Millimeter', 1.00),
        (null, 'cm', 'Centimeter', 10.00),
        (null, 'in', 'Inch', 25.40),
        (null, 'HP', 'Horizontal Pitch', 5.08),
        (null, 'U', 'Rack Unit', 44.45),
        (null, 'MU', 'Moog Unit', 54.00),
        (null, 'PU', 'Panel Unit', 108.00),
        (null, 'FU', 'Frac Unit', 38.10),
        (null, 'Slot', '500 Series Slot', 38.10);

-- SQL inserts that follow were partially generated by Github Copilot within VS Code, then extensively corrected by hand.
INSERT INTO module_format (module_format_id, `name`, width_unit_id, height_unit_id, `description`)
    VALUES
        (NULL, 'Eurorack', (SELECT unit_id FROM unit WHERE short_code = 'HP'), (SELECT unit_id FROM unit WHERE short_code = 'U'), 'The most popular modular synthesizer format, characterized by its 3U height and 128.5mm depth.'),
        (NULL, 'Moog', (SELECT unit_id FROM unit WHERE short_code = 'MU'), (SELECT unit_id FROM unit WHERE short_code = 'U'), 'A larger format developed by Moog, typically 5U height and 254mm depth.'),
        (NULL, 'Buchla', (SELECT unit_id FROM unit WHERE short_code = 'PU'), (SELECT unit_id FROM unit WHERE short_code = 'U'), 'A unique format developed by Buchla, known for its distinctive design and 4U height.'),
        (NULL, 'Fractal Modulator', (SELECT unit_id FROM unit WHERE short_code = 'FU'), (SELECT unit_id FROM unit WHERE short_code = 'U'), 'A less common format with unique dimensions and specifications.'),
        (NULL, 'Serge', (SELECT unit_id FROM unit WHERE short_code = 'in'), (SELECT unit_id FROM unit WHERE short_code = 'U'), 'A modular synthesizer format developed by Serge Tcherepnin, known for its 3U height and unique panel design.'),
        (NULL, '500 Series', (SELECT unit_id FROM unit WHERE short_code = 'Slot'), (SELECT unit_id FROM unit WHERE short_code = 'U'), 'A compact format primarily used for audio processing modules, typically 3U height and 38.1mm width per module slot.');

insert into module (module_id, module_format_id, manufacturer_id, `name`, `width`, `depth_mm`, `height`, instruction_manual_link, pcb_version, i2c_compatible, midi_compatible, is_power_unit, pos_12V_draw, neg_12V_draw, pos_5V_draw) VALUES 
   (NULL, (SELECT module_format_id FROM module_format WHERE name = 'Eurorack' LIMIT 1), (SELECT manufacturer_id FROM manufacturer WHERE name = 'Frap Tools' LIMIT 1), 'Falistri', 18, 38.0, 3, 'https://frap.tools/docs/MANUALONE.pdf', NULL, FALSE, FALSE, FALSE, 170, 170, NULL),
   (NULL, (SELECT module_format_id FROM module_format WHERE name = 'Eurorack' LIMIT 1), (SELECT manufacturer_id FROM manufacturer WHERE name = 'Make Noise' LIMIT 1), 'Maths', 18, 34.0, 3, 'https://www.makenoise-manuals.com/maths/maths-manual.pdf', NULL, FALSE, FALSE, FALSE, 60, 50, 0.0),
   (NULL, (SELECT module_format_id FROM module_format WHERE name = 'Eurorack' LIMIT 1), (SELECT manufacturer_id FROM manufacturer WHERE name = 'Intellijel' LIMIT 1), 'Quad VCA', 12, 29.0, 3, 'https://intellijel.com/downloads/manuals/quad-vca_manual_2021.08.02.pdf', NULL, FALSE, FALSE, FALSE, 65, 65, 0.0),
   (NULL, (SELECT module_format_id FROM module_format WHERE name = 'Eurorack' LIMIT 1), (SELECT manufacturer_id FROM manufacturer WHERE name = 'Polyend' LIMIT 1), 'Poly 2', 14, 24.0, 3, 'https://polyend.com/manuals/poly2-manual/', NULL, FALSE, TRUE, FALSE, 160, 14, 0.0),
   (NULL, (SELECT module_format_id FROM module_format WHERE name = 'Eurorack' LIMIT 1), (SELECT manufacturer_id FROM manufacturer WHERE name = '4ms Company' LIMIT 1), 'Row Power 45', 4, 27.0, 3, 'https://4mscompany.com/media/Power/manual/Row_Power_45_Manual_Online.pdf', NULL, FALSE, FALSE, TRUE, NULL, NULL, NULL),
   (NULL, (SELECT module_format_id FROM module_format WHERE name = 'Eurorack' LIMIT 1), (SELECT manufacturer_id FROM manufacturer WHERE name = 'Monome' LIMIT 1), 'Teletype', 18, 32.0, 3, 'https://monome.org/docs/teletype/manual/#introduction', 'Green PCB', FALSE, FALSE, FALSE, 72.0, 12.0, 0.0);

insert into module_function (module_function_id, `name`, `description`)
    values 
        (null, 'VCO', 'Voltage Controlled Oscillator'),
        (null, 'Function Generator', 'Generates various control voltage shapes'),
        (null, 'LFO', 'Low Frequency Oscillator'),
        (null, 'Mixer', 'Mixes multiple audio or control voltage signals'),
        (null, 'Sampler', 'Audio Sampler Module'),
        (null, 'Sequencer', 'Step Sequencer Module'),
        (null, 'Audio I/O', 'Audio Input/Output Module'),
        (null, 'MIDI Converter', 'Converts MIDI signals to Control Voltage'),
        (null, 'VCA', 'Voltage Controlled Amplifier'),
        (null, 'Power Supply', 'Provides power to the modular system'),
        (null, 'Envelope Generator', 'Generates envelope shapes for modulation');
insert into module_module_function (module_id, module_function_id)
    values 
        ((select module_id from module where `name` = 'Falistri'), (select module_function_id from module_function where `name` = 'Function Generator')),
        ((select module_id from module where `name` = 'Falistri'), (select module_function_id from module_function where `name` = 'Envelope Generator')),
        ((select module_id from module where `name` = 'Maths'), (select module_function_id from module_function where `name` = 'Envelope Generator')),
        ((select module_id from module where `name` = 'Maths'), (select module_function_id from module_function where `name` = 'Function Generator')),
        ((select module_id from module where `name` = 'Quad VCA'), (select module_function_id from module_function where `name` = 'VCA')),
        ((select module_id from module where `name` = 'Row Power 45'), (select module_function_id from module_function where `name` = 'Power Supply')),
        ((select module_id from module where `name` = 'Teletype'), (select module_function_id from module_function where `name` = 'VCO')),
        ((select module_id from module where `name` = 'Poly 2'), (select module_function_id from module_function where `name` = 'MIDI Converter'));

insert into synth (synth_id, `name`, `description`)
    values 
        (null, 'My First Modular Synth', 'A beginner-friendly modular synthesizer setup.'),
        (null, 'Experimental Sound Lab', 'A modular synth designed for experimental sound design.'),
        (null, 'Live Performance Rig', 'A modular synthesizer optimized for live performances.'),
        (null, 'Ambient Soundscape Creator', 'A modular synth setup for creating ambient soundscapes.'),
        (null, 'Bass Synth Powerhouse', 'A modular synthesizer focused on bass sound design.');

insert into `case_model` (case_model_id, manufacturer_id, module_format_id, `name`, width, max_depth_mm, height, instruction_manual_link, is_power_unit)
    values
        (null, (select manufacturer_id from manufacturer where `name` = 'Intellijel'), (select module_format_id from module_format where `name` = 'Eurorack'), '4U 62 HP Palette Case', 62, 45.5, 4, 'https://intellijel.com/downloads/manuals/4u-palette-eurorack-case_manual_2020.11.30.pdf', TRUE),
        (null, (select manufacturer_id from manufacturer where `name` = 'Make Noise'), (select module_format_id from module_format where `name` = 'Eurorack'), 'Skiff', 60, 63.5, 3, 'https://www.makenoisemusic.com/skiff-manual.pdf', TRUE),
        (null, (select manufacturer_id from manufacturer where `name` = '4ms Company'), (select module_format_id from module_format where `name` = 'Eurorack'), 'Pod104X', 104, 55.0, 4, 'https://4mscompany.com/media/Case/manual/Row_Major_Manual_Online.pdf', TRUE),
        (null, (select manufacturer_id from manufacturer where `name` = 'Intellijel'), (select module_format_id from module_format where `name` = 'Eurorack'), '7U Performance Case', 104, 40.0, 7, 'https://intellijel.com/downloads/manuals/7u-performance-case_manual_2021.08.02.pdf', TRUE),
        (null, (select manufacturer_id from manufacturer where `name` = 'Make Noise'), (select module_format_id from module_format where `name` = 'Eurorack'), '4 Zone CV Bus Case', 126, 63.5, 7, 'https://www.makenoisemusic.com/shared-system-manual.pdf', TRUE);

insert into `case` (case_id, case_model_id, `name`, description, is_template)
    values 
        (null, (select case_model_id from case_model where `name` = '4U 62 HP Palette Case'), 'My first 4U 62 HP Palette Case', 'A compact and portable Eurorack case with built-in power supply.', FALSE),
        (null, (select case_model_id from case_model where `name` = 'Skiff'), 'My Powered Skiff', 'A lightweight and portable Eurorack skiff case.', FALSE),
        (null, (select case_model_id from case_model where `name` = 'Pod104X'), 'My Pod104X', 'A versatile Eurorack case with extra depth.', FALSE),
        (null, (select case_model_id from case_model where `name` = '7U Performance Case'), 'My 7U Performance Case', 'A spacious Eurorack case designed for live performance setups.', FALSE),
        (null, (select case_model_id from case_model where `name` = '4 Zone CV Bus Case'), 'My 4 Zone CV Bus Case', 'A large Eurorack case with multiple CV bus zones.', FALSE);

insert into synth_case (synth_id, case_id)
    values 
        ((select synth_id from synth where `name` = 'My First Modular Synth'), (select case_id from `case` where `name` = 'My first 4U 62 HP Palette Case')),
        ((select synth_id from synth where `name` = 'Live Performance Rig'), (select case_id from `case` where `name` = 'My 7U Performance Case')),
        ((select synth_id from synth where `name` = 'Live Performance Rig'), (select case_id from `case` where `name` = 'My 4 Zone CV Bus Case')),
        ((select synth_id from synth where `name` = 'Experimental Sound Lab'), (select case_id from `case` where `name` = 'My Powered Skiff')),
        ((select synth_id from synth where `name` = 'Experimental Sound Lab'), (select case_id from `case` where `name` = 'My Pod104X'));

insert into connection_type (connection_type_id, `name`, description)
    values 
        (null, 'External', 'Connection to external devices or systems outside the modular synthesizer.'),
        (null, 'Internal', 'Connection within one module.'),
        (null, 'Power', 'Connection related to power supply and distribution within the modular synthesizer.'),
        (null, 'Cable', 'Connection using patch cables between different modules.'),
        (null, 'MIDI', 'Connection using MIDI protocol for communication between devices.'),
        (null, 'USB', 'Connection using USB protocol for communication and power.'),
        (null, 'Ribbon Cable', 'Connection using ribbon cables for internal module connections.');

insert into patch (patch_id, case_id, synth_id, `name`)
    values 
        (null, (select case_id from `case` where `name` = 'My first 4U 62 HP Palette Case'), (select synth_id from synth where `name` = 'My First Modular Synth'), 'Initial Patch'),
        (null, (select case_id from `case` where `name` = 'My Powered Skiff'), (select synth_id from synth where `name` = 'Experimental Sound Lab'), 'Ambient Exploration'),
        (null, (select case_id from `case` where `name` = 'My 7U Performance Case'), (select synth_id from synth where `name` = 'Live Performance Rig'), 'Live Set 1'),
        (null, (select case_id from `case` where `name` = 'My 4 Zone CV Bus Case'), (select synth_id from synth where `name` = 'Live Performance Rig'), 'Live Set 2'),
        (null, (select case_id from `case` where `name` = 'My Pod104X'), (select synth_id from synth where `name` = 'Experimental Sound Lab'), 'Deep Dive');

insert into jack_format (jack_format_id, `name`, description)
    values 
        (null, 'TS Mono', 'Tip-Sleeve mono jack format commonly used for audio and CV signals.'),
        (null, 'TRS Stereo', 'Tip-Ring-Sleeve stereo jack format for left and right audio channels.'),
        (null, 'MIDI DIN', '5-pin DIN connector format for MIDI communication.'),
        (null, 'MIDI TRS Type A', 'TRS jack format for MIDI communication using Type A wiring standard.'),
        (null, 'MIDI TRS Type B', 'TRS jack format for MIDI communication using Type B wiring standard.'),
        (null, 'USB Type A', 'Standard USB connector format for host devices.'),
        (null, 'USB Type B', 'USB Type B connector format for digital communication and power.'),
        (null, 'USB Type C', 'Reversible USB connector format for high-speed data transfer and power delivery.'),
        (null, 'XLR', 'Professional audio connector format for balanced audio signals.'),
        (null, 'Barrel Power Connector', 'Cylindrical power connector format for supplying power to modules.'),
        (null, '3.5mm Mini Jack', 'Compact jack format often used for headphones and small audio devices.');

insert into jack (jack_id, jack_format_id, module_id, `name`, `description`, `type`, voltage_max, voltage_min, baud_rate)
    values 
        (null, (select jack_format_id from jack_format where `name` = 'TS Mono'), (select module_id from module where `name` = 'Maths'), 'Input 1', 'First input jack for Maths module', 'input', 15.0, -15.0, null),
        (null, (select jack_format_id from jack_format where `name` = 'TS Mono'), (select module_id from module where `name` = 'Maths'), 'Output 1', 'First output jack for Maths module', 'output', 15.0, -15.0, null),
        (null, (select jack_format_id from jack_format where `name` = 'MIDI TRS Type A'), (select module_id from module where `name` = 'Poly 2'), 'MIDI In', 'MIDI input jack for Poly 2 module', 'input', null, null, 31250),
        (null, (select jack_format_id from jack_format where `name` = 'MIDI TRS Type A'), (select module_id from module where `name` = 'Poly 2'), 'MIDI Out', 'MIDI output jack for Poly 2 module', 'output', null, null, 31250),
        (null, (select jack_format_id from jack_format where `name` = 'Barrel Power Connector'), (select module_id from module where `name` = 'Row Power 45'), 'Power In', 'Power input jack for Row Power 45 module', 'io', null, null, null);

insert into connection (connection_id, from_id, to_id, type_id, normalized)
    values 
        (null, (select jack_id from jack where `name` = 'Output 1' and module_id = (select module_id from module where `name` = 'Maths')), (select jack_id from jack where `name` = 'Input 1' and module_id = (select module_id from module where `name` = 'Maths')), (select connection_type_id from connection_type where `name` = 'Internal'), FALSE),
        (null, (select jack_id from jack where `name` = 'MIDI Out' and module_id = (select module_id from module where `name` = 'Poly 2')), (select jack_id from jack where `name` = 'MIDI In' and module_id = (select module_id from module where `name` = 'Poly 2')), (select connection_type_id from connection_type where `name` = 'Internal'), FALSE),
        (null, (select jack_id from jack where `name` = 'Output 1' and module_id = (select module_id from module where `name` = 'Maths')), (select jack_id from jack where `name` = 'MIDI In' and module_id = (select module_id from module where `name` = 'Poly 2')), (select connection_type_id from connection_type where `name` = 'Cable'), FALSE),
        (null, (select jack_id from jack where `name` = 'MIDI Out' and module_id = (select module_id from module where `name` = 'Poly 2')), (select jack_id from jack where `name` = 'Input 1' and module_id = (select module_id from module where `name` = 'Maths')), (select connection_type_id from connection_type where `name` = 'Cable'), FALSE);

insert into cable (connection_id, patch_id, hex_color_code)
    values 
        ((select connection_id from connection where from_id = (select jack_id from jack where `name` = 'Output 1' and module_id = (select module_id from module where `name` = 'Maths')) and to_id = (select jack_id from jack where `name` = 'Input 1' and module_id = (select module_id from module where `name` = 'Maths'))), (select patch_id from patch where `name` = 'Initial Patch'), 'FF0000'),
        ((select connection_id from connection where from_id = (select jack_id from jack where `name` = 'MIDI Out' and module_id = (select module_id from module where `name` = 'Poly 2')) and to_id = (select jack_id from jack where `name` = 'MIDI In' and module_id = (select module_id from module where `name` = 'Poly 2'))), (select patch_id from patch where `name` = 'Deep Dive'), '00FF00'),
        ((select connection_id from connection where from_id = (select jack_id from jack where `name` = 'Output 1' and module_id = (select module_id from module where `name` = 'Maths')) and to_id = (select jack_id from jack where `name` = 'MIDI In' and module_id = (select module_id from module where `name` = 'Poly 2'))), (select patch_id from patch where `name` = 'Initial Patch'), '0000FF'),
        ((select connection_id from connection where from_id = (select jack_id from jack where `name` = 'MIDI Out' and module_id = (select module_id from module where `name` = 'Poly 2')) and to_id = (select jack_id from jack where `name` = 'Input 1' and module_id = (select module_id from module where `name` = 'Maths'))), (select patch_id from patch where `name` = 'Deep Dive'), 'FFFF00');

insert into rack (rack_id, case_id, module_format_id, `name`, width, max_depth_mm, height, screw_type, is_power_unit)
    values 
        (null, (select case_id from `case` where `name` = 'My first 4U 62 HP Palette Case'), (select module_format_id from module_format where `name` = 'Eurorack'), '4U 62 HP Palette Rack 1', 62, 45.5, 3, 'M3', TRUE),
        (null, (select case_id from `case` where `name` = 'My first 4U 62 HP Palette Case'), (select module_format_id from module_format where `name` = 'Eurorack'), '4U 62 HP Palette Rack 2', 62, 45.5, 1, 'M3', TRUE),
        (null, (select case_id from `case` where `name` = 'My Powered Skiff'), (select module_format_id from module_format where `name` = 'Eurorack'), 'Skiff Rack', 60, 63.5, 3, 'M3', TRUE),
        (null, (select case_id from `case` where `name` = 'My Pod104X'), (select module_format_id from module_format where `name` = 'Eurorack'), 'Pod104X Rack', 104, 55.0, 4, 'M3', TRUE),
        (null, (select case_id from `case` where `name` = 'My 7U Performance Case'), (select module_format_id from module_format where `name` = 'Eurorack'), '7U Performance Rack', 104, 40.0, 7, 'M3', TRUE),
        (null, (select case_id from `case` where `name` = 'My 4 Zone CV Bus Case'), (select module_format_id from module_format where `name` = 'Eurorack'), '4 Zone CV Bus Rack', 126, 63.5, 7, 'M3', TRUE);

insert into module_rack (module_id, rack_id, case_id)
    values 
        ((select module_id from module where `name` = 'Maths'), (select rack_id from rack where `name` = '4U 62 HP Palette Rack 1' and case_id = (select case_id from `case` where `name` = 'My first 4U 62 HP Palette Case')), (select case_id from `case` where `name` = 'My first 4U 62 HP Palette Case')),
        ((select module_id from module where `name` = 'Quad VCA'), (select rack_id from rack where `name` = '4U 62 HP Palette Rack 1' and case_id = (select case_id from `case` where `name` = 'My first 4U 62 HP Palette Case')), (select case_id from `case` where `name` = 'My first 4U 62 HP Palette Case')),
        ((select module_id from module where `name` = 'Poly 2'), (select rack_id from rack where `name` = 'Pod104X Rack' and case_id = (select case_id from `case` where `name` = 'My Pod104X')), (select case_id from `case` where `name` = 'My Pod104X')),
        ((select module_id from module where `name` = 'Row Power 45'), (select rack_id from rack where `name` = 'Pod104X Rack' and case_id = (select case_id from `case` where `name` = 'My Pod104X')), (select case_id from `case` where `name` = 'My Pod104X')),
        ((select module_id from module where `name` = 'Teletype'), (select rack_id from rack where `name` = '4 Zone CV Bus Rack' and case_id = (select case_id from `case` where `name` = 'My 4 Zone CV Bus Case')), (select case_id from `case` where `name` = 'My 4 Zone CV Bus Case')),
        ((select module_id from module where `name` = 'Maths'), (select rack_id from rack where `name` = '4 Zone CV Bus Rack' and case_id = (select case_id from `case` where `name` = 'My 4 Zone CV Bus Case')), (select case_id from `case` where `name` = 'My 4 Zone CV Bus Case'));

insert into jack_function (jack_function_id, `name`, description)
    values 
        (null, 'Audio In', 'Jack used for audio input signals.'),
        (null, 'Audio Out', 'Jack used for audio output signals.'),
        (null, 'CV In', 'Jack used for control voltage input signals.'),
        (null, 'CV Out', 'Jack used for control voltage output signals.'),
        (null, 'MIDI In', 'Jack used for MIDI input signals.'),
        (null, 'MIDI Out', 'Jack used for MIDI output signals.'),
        (null, 'Power In', 'Jack used for power input connection.'),
        (null, 'Power Out', 'Jack used for power output connection.');

insert into jack_jack_function (jack_id, jack_function_id)
    values 
        ((select jack_id from jack where `name` = 'Input 1' and module_id = (select module_id from module where `name` = 'Maths')), (select jack_function_id from jack_function where `name` = 'CV In')),
        ((select jack_id from jack where `name` = 'Output 1' and module_id = (select module_id from module where `name` = 'Maths')), (select jack_function_id from jack_function where `name` = 'CV Out')),
        ((select jack_id from jack where `name` = 'MIDI In' and module_id = (select module_id from module where `name` = 'Poly 2')), (select jack_function_id from jack_function where `name` = 'MIDI In')),
        ((select jack_id from jack where `name` = 'MIDI Out' and module_id = (select module_id from module where `name` = 'Poly 2')), (select jack_function_id from jack_function where `name` = 'MIDI Out')),
        ((select jack_id from jack where `name` = 'Power In' and module_id = (select module_id from module where `name` = 'Row Power 45')), (select jack_function_id from jack_function where `name` = 'Power In'));

insert into power_bus (power_bus_id, `name`, `pos_12V_max`, `neg_12V_max`, `pos_5V_max`, power_source)
    values 
        (null, 'Intellijel I2 Power Bus', 1.2, 1.2, .5, '40W Meanwell AC/DC adapter with right angled connector'),
        (null, 'Intellijel I3 Power Bus', 1.5, 1.5, .5, '60W Meanwell AC/DC adapter with right angled connector'),
        (null, 'Row Power 45 Power Bus', 1.67, 1.67, 1, 'Laptop-style DC power supply: 2.1mm barrel, positive center, 15V-20V'),
        (null, 'Digital Power Bus', 1.4, 1.4, .7, '2,5mm barrel power connector, Input: 9 – 18v (Recommended 45W)'),
        (null, 'Custom Power Bus', 2, 2, 1.4, 'User-defined power source specifications');

insert into case_model_power_bus (case_model_id, power_bus_id)
    values 
        ((select case_model_id from case_model where `name` = '4U 62 HP Palette Case'), (select power_bus_id from power_bus where `name` = 'Intellijel I2 Power Bus')),
        ((select case_model_id from case_model where `name` = 'Skiff'), (select power_bus_id from power_bus where `name` = 'Intellijel I3 Power Bus')),
        ((select case_model_id from case_model where `name` =  'Pod104X'), (select power_bus_id from power_bus where `name` = 'Row Power 45 Power Bus')),
        ((select case_model_id from case_model where `name` = '7U Performance Case'), (select power_bus_id from power_bus where `name` = 'Intellijel I3 Power Bus')),
        ((select case_model_id from case_model where `name` = '4 Zone CV Bus Case'), (select power_bus_id from power_bus where `name` = 'Digital Power Bus'));

insert into rack_power_bus (rack_id, case_id, power_bus_id)
    values
        ((select rack_id from rack where `name` = '4U 62 HP Palette Rack 1' and case_id = (select case_id from `case` where `name` = 'My first 4U 62 HP Palette Case')), (select case_id from `case` where `name` = 'My first 4U 62 HP Palette Case'), (select power_bus_id from power_bus where `name` = 'Intellijel I2 Power Bus')),
        ((select rack_id from rack where `name` = 'Skiff Rack' and case_id = (select case_id from `case` where `name` = 'My Powered Skiff')), (select case_id from `case` where `name` = 'My Powered Skiff'), (select power_bus_id from power_bus where `name` = 'Intellijel I3 Power Bus')),
        ((select rack_id from rack where `name` = 'Pod104X Rack' and case_id = (select case_id from `case` where `name` = 'My Pod104X')), (select case_id from `case` where `name` = 'My Pod104X'), (select power_bus_id from power_bus where `name` = 'Row Power 45 Power Bus')),
        ((select rack_id from rack where `name` = '7U Performance Rack' and case_id = (select case_id from `case` where `name` = 'My 7U Performance Case')), (select case_id from `case` where `name` = 'My 7U Performance Case'), (select power_bus_id from power_bus where `name` = 'Intellijel I3 Power Bus')),
        ((select rack_id from rack where `name` = '4 Zone CV Bus Rack' and case_id = (select case_id from `case` where `name` = 'My 4 Zone CV Bus Case')), (select case_id from `case` where `name` = 'My 4 Zone CV Bus Case'), (select power_bus_id from power_bus where `name` = 'Digital Power Bus'));

insert into module_power_bus (module_id, power_bus_id)
    values 
        ((select module_id from module where `name` = 'Maths'), (select power_bus_id from power_bus where `name` = 'Intellijel I2 Power Bus')),
        ((select module_id from module where `name` = 'Quad VCA'), (select power_bus_id from power_bus where `name` = 'Intellijel I2 Power Bus')),
        ((select module_id from module where `name` = 'Poly 2'), (select power_bus_id from power_bus where `name` = 'Digital Power Bus')),
        ((select module_id from module where `name` = 'Row Power 45'), (select power_bus_id from power_bus where `name` = 'Row Power 45 Power Bus')),
        ((select module_id from module where `name` = 'Teletype'), (select power_bus_id from power_bus where `name` = 'Digital Power Bus'));